{
"meta":{"test_sets":["test"],"test_metrics":[{"best_value":"Min","name":"Logloss"}],"learn_metrics":[{"best_value":"Min","name":"Logloss"}],"launch_mode":"Train","parameters":"","iteration_count":500,"learn_sets":["learn"],"name":"experiment"},
"iterations":[
{"learn":[0.606721132],"iteration":0,"passed_time":0.005426427665,"remaining_time":2.707787405,"test":[0.607692554]},
{"learn":[0.01388058313],"iteration":100,"passed_time":0.3804483465,"remaining_time":1.50295931,"test":[0.02086004446]},
{"learn":[0.00997608592],"iteration":200,"passed_time":0.754150363,"remaining_time":1.121845565,"test":[0.02134648182]},
{"learn":[0.006810296309],"iteration":300,"passed_time":1.128869855,"remaining_time":0.7463292398,"test":[0.02218380453]}
]}