iter	Logloss
0	0.5269126775
100	0.009622328528
200	0.004671566073
300	0.002401016599
400	0.001613272647
