iter	Logloss
0	0.606721132
100	0.01388058313
200	0.00997608592
300	0.006810296309
